id_estado,id,cve_inegi,municipio
1,1,01001,Aguascalientes
1,2,01002,Asientos
1,3,01003,Calvillo
1,4,01004,Cosío
1,5,01005,Jesús María
1,6,01006,Pabellón de Arteaga
1,7,01007,Rincón de Romos
1,8,01008,San José de Gracia
1,9,01009,Tepezalá
1,10,01010,El Llano
1,11,01011,San Francisco de los Romo
2,1,02001,Ensenada
2,2,02002,Mexicali
2,3,02003,Tecate
2,4,02004,Tijuana
2,5,02005,Playas de Rosarito
3,1,03001,Comondú
3,2,03002,Mulegé
3,3,03003,La Paz
3,8,03008,Los Cabos
3,9,03009,Loreto
4,1,04001,Calkiní
4,2,04002,Campeche
4,3,04003,Carmen
4,4,04004,Champotón
4,5,04005,Hecelchakán
4,6,04006,Hopelchén
4,7,04007,Palizada
4,8,04008,Tenabo
4,9,04009,Escárcega
4,10,04010,Calakmul
4,11,04011,Candelaria
5,1,05001,Abasolo
5,2,05002,Acuña
5,3,05003,Allende
5,4,05004,Arteaga
5,5,05005,Candela
5,6,05006,Castaños
5,7,05007,Cuatro Ciénegas
5,8,05008,Escobedo
5,9,05009,Francisco I. Madero
5,10,05010,Frontera
5,11,05011,General Cepeda
5,12,05012,Guerrero
5,13,05013,Hidalgo
5,14,05014,Jiménez
5,15,05015,Juárez
5,16,05016,Lamadrid
5,17,05017,Matamoros
5,18,05018,Monclova
5,19,05019,Morelos
5,20,05020,Múzquiz
5,21,05021,Nadadores
5,22,05022,Nava
5,23,05023,Ocampo
5,24,05024,Parras
5,25,05025,Piedras Negras
5,26,05026,Progreso
5,27,05027,Ramos Arizpe
5,28,05028,Sabinas
5,29,05029,Sacramento
5,30,05030,Saltillo
5,31,05031,San Buenaventura
5,32,05032,San Juan de Sabinas
5,33,05033,San Pedro
5,34,05034,Sierra Mojada
5,35,05035,Torreón
5,36,05036,Viesca
5,37,05037,Villa Unión
5,38,05038,Zaragoza
6,1,06001,Armería
6,2,06002,Colima
6,3,06003,Comala
6,4,06004,Coquimatlán
6,5,06005,Cuauhtémoc
6,6,06006,Ixtlahuacán
6,7,06007,Manzanillo
6,8,06008,Minatitlán
6,9,06009,Tecomán
6,10,06010,Villa de Álvarez
7,1,07001,Acacoyagua
7,2,07002,Acala
7,3,07003,Acapetahua
7,4,07004,Altamirano
7,5,07005,Amatán
7,6,07006,Amatenango de la Frontera
7,7,07007,Amatenango del Valle
7,8,07008,Angel Albino Corzo
7,9,07009,Arriaga
7,10,07010,Bejucal de Ocampo
7,11,07011,Bella Vista
7,12,07012,Berriozábal
7,13,07013,Bochil
7,14,07014,El Bosque
7,15,07015,Cacahoatán
7,16,07016,Catazajá
7,17,07017,Cintalapa
7,18,07018,Coapilla
7,19,07019,Comitán de Domínguez
7,20,07020,La Concordia
7,21,07021,Copainalá
7,22,07022,Chalchihuitán
7,23,07023,Chamula
7,24,07024,Chanal
7,25,07025,Chapultenango
7,26,07026,Chenalhó
7,27,07027,Chiapa de Corzo
7,28,07028,Chiapilla
7,29,07029,Chicoasén
7,30,07030,Chicomuselo
7,31,07031,Chilón
7,32,07032,Escuintla
7,33,07033,Francisco León
7,34,07034,Frontera Comalapa
7,35,07035,Frontera Hidalgo
7,36,07036,La Grandeza
7,37,07037,Huehuetán
7,38,07038,Huixtán
7,39,07039,Huitiupán
7,40,07040,Huixtla
7,41,07041,La Independencia
7,42,07042,Ixhuatán
7,43,07043,Ixtacomitán
7,44,07044,Ixtapa
7,45,07045,Ixtapangajoya
7,46,07046,Jiquipilas
7,47,07047,Jitotol
7,48,07048,Juárez
7,49,07049,Larráinzar
7,50,07050,La Libertad
7,51,07051,Mapastepec
7,52,07052,Las Margaritas
7,53,07053,Mazapa de Madero
7,54,07054,Mazatán
7,55,07055,Metapa
7,56,07056,Mitontic
7,57,07057,Motozintla
7,58,07058,Nicolás Ruíz
7,59,07059,Ocosingo
7,60,07060,Ocotepec
7,61,07061,Ocozocoautla de Espinosa
7,62,07062,Ostuacán
7,63,07063,Osumacinta
7,64,07064,Oxchuc
7,65,07065,Palenque
7,66,07066,Pantelhó
7,67,07067,Pantepec
7,68,07068,Pichucalco
7,69,07069,Pijijiapan
7,70,07070,El Porvenir
7,71,07071,Villa Comaltitlán
7,72,07072,Pueblo Nuevo Solistahuacán
7,73,07073,Rayón
7,74,07074,Reforma
7,75,07075,Las Rosas
7,76,07076,Sabanilla
7,77,07077,Salto de Agua
7,78,07078,San Cristóbal de las Casas
7,79,07079,San Fernando
7,80,07080,Siltepec
7,81,07081,Simojovel
7,82,07082,Sitalá
7,83,07083,Socoltenango
7,84,07084,Solosuchiapa
7,85,07085,Soyaló
7,86,07086,Suchiapa
7,87,07087,Suchiate
7,88,07088,Sunuapa
7,89,07089,Tapachula
7,90,07090,Tapalapa
7,91,07091,Tapilula
7,92,07092,Tecpatán
7,93,07093,Tenejapa
7,94,07094,Teopisca
7,96,07096,Tila
7,97,07097,Tonalá
7,98,07098,Totolapa
7,99,07099,La Trinitaria
7,100,07100,Tumbalá
7,101,07101,Tuxtla Gutiérrez
7,102,07102,Tuxtla Chico
7,103,07103,Tuzantán
7,104,07104,Tzimol
7,105,07105,Unión Juárez
7,106,07106,Venustiano Carranza
7,107,07107,Villa Corzo
7,108,07108,Villaflores
7,109,07109,Yajalón
7,110,07110,San Lucas
7,111,07111,Zinacantán
7,112,07112,San Juan Cancuc
7,113,07113,Aldama
7,114,07114,Benemérito de las Américas
7,115,07115,Maravilla Tenejapa
7,116,07116,Marqués de Comillas
7,117,07117,Montecristo de Guerrero
7,118,07118,San Andrés Duraznal
7,119,07119,Santiago el Pinar
7,120,07120,Capitán Luis Ángel Vidal
7,121,07121,Rincón Chamula San Pedro
7,122,07122,El Parral
7,123,07123,Emiliano Zapata
7,124,07124,Mezcalapa
8,1,08001,Ahumada
8,2,08002,Aldama
8,3,08003,Allende
8,4,08004,Aquiles Serdán
8,5,08005,Ascensión
8,6,08006,Bachíniva
8,7,08007,Balleza
8,8,08008,Batopilas de Manuel Gómez Morín
8,9,08009,Bocoyna
8,10,08010,Buenaventura
8,11,08011,Camargo
8,12,08012,Carichí
8,13,08013,Casas Grandes
8,14,08014,Coronado
8,15,08015,Coyame del Sotol
8,16,08016,La Cruz
8,17,08017,Cuauhtémoc
8,18,08018,Cusihuiriachi
8,19,08019,Chihuahua
8,20,08020,Chínipas
8,21,08021,Delicias
8,22,08022,Dr. Belisario Domínguez
8,23,08023,Galeana
8,24,08024,Santa Isabel
8,25,08025,Gómez Farías
8,26,08026,Gran Morelos
8,27,08027,Guachochi
8,28,08028,Guadalupe
8,29,08029,Guadalupe y Calvo
8,30,08030,Guazapares
8,31,08031,Guerrero
8,32,08032,Hidalgo del Parral
8,33,08033,Huejotitán
8,34,08034,Ignacio Zaragoza
8,35,08035,Janos
8,36,08036,Jiménez
8,37,08037,Juárez
8,38,08038,Julimes
8,39,08039,López
8,40,08040,Madera
8,41,08041,Maguarichi
8,42,08042,Manuel Benavides
8,43,08043,Matachí
8,44,08044,Matamoros
8,45,08045,Meoqui
8,46,08046,Morelos
8,47,08047,Moris
8,48,08048,Namiquipa
8,49,08049,Nonoava
8,50,08050,Nuevo Casas Grandes
8,51,08051,Ocampo
8,52,08052,Ojinaga
8,53,08053,Praxedis G. Guerrero
8,54,08054,Riva Palacio
8,55,08055,Rosales
8,56,08056,Rosario
8,57,08057,San Francisco de Borja
8,58,08058,San Francisco de Conchos
8,59,08059,San Francisco del Oro
8,60,08060,Santa Bárbara
8,61,08061,Satevó
8,62,08062,Saucillo
8,63,08063,Temósachic
8,64,08064,El Tule
8,65,08065,Urique
8,66,08066,Uruachi
8,67,08067,Valle de Zaragoza
9,2,09002,Azcapotzalco
9,3,09003,Coyoacán
9,4,09004,Cuajimalpa de Morelos
9,5,09005,Gustavo A. Madero
9,6,09006,Iztacalco
9,7,09007,Iztapalapa
9,8,09008,La Magdalena Contreras
9,9,09009,Milpa Alta
9,10,09010,Álvaro Obregón
9,11,09011,Tláhuac
9,12,09012,Tlalpan
9,13,09013,Xochimilco
9,14,09014,Benito Juárez
9,15,09015,Cuauhtémoc
9,16,09016,Miguel Hidalgo
9,17,09017,Venustiano Carranza
10,1,10001,Canatlán
10,2,10002,Canelas
10,3,10003,Coneto de Comonfort
10,4,10004,Cuencamé
10,5,10005,Durango
10,6,10006,General Simón Bolívar
10,7,10007,Gómez Palacio
10,8,10008,Guadalupe Victoria
10,9,10009,Guanaceví
10,10,10010,Hidalgo
10,11,10011,Indé
10,12,10012,Lerdo
10,13,10013,Mapimí
10,14,10014,Mezquital
10,15,10015,Nazas
10,16,10016,Nombre de Dios
10,17,10017,Ocampo
10,18,10018,El Oro
10,19,10019,Otáez
10,20,10020,Pánuco de Coronado
10,21,10021,Peñón Blanco
10,22,10022,Poanas
10,23,10023,Pueblo Nuevo
10,24,10024,Rodeo
10,25,10025,San Bernardo
10,26,10026,San Dimas
10,27,10027,San Juan de Guadalupe
10,28,10028,San Juan del Río
10,29,10029,San Luis del Cordero
10,30,10030,San Pedro del Gallo
10,31,10031,Santa Clara
10,32,10032,Santiago Papasquiaro
10,33,10033,Súchil
10,34,10034,Tamazula
10,35,10035,Tepehuanes
10,36,10036,Tlahualilo
10,37,10037,Topia
10,38,10038,Vicente Guerrero
10,39,10039,Nuevo Ideal
11,1,11001,Abasolo
11,2,11002,Acámbaro
11,3,11003,San Miguel de Allende
11,4,11004,Apaseo el Alto
11,5,11005,Apaseo el Grande
11,6,11006,Atarjea
11,7,11007,Celaya
11,8,11008,Manuel Doblado
11,9,11009,Comonfort
11,10,11010,Coroneo
11,11,11011,Cortazar
11,12,11012,Cuerámaro
11,13,11013,Doctor Mora
11,14,11014,Dolores Hidalgo Cuna de la Independencia Nacional
11,15,11015,Guanajuato
11,16,11016,Huanímaro
11,17,11017,Irapuato
11,18,11018,Jaral del Progreso
11,19,11019,Jerécuaro
11,20,11020,León
11,21,11021,Moroleón
11,22,11022,Ocampo
11,23,11023,Pénjamo
11,24,11024,Pueblo Nuevo
11,25,11025,Purísima del Rincón
11,26,11026,Romita
11,27,11027,Salamanca
11,28,11028,Salvatierra
11,29,11029,San Diego de la Unión
11,30,11030,San Felipe
11,31,11031,San Francisco del Rincón
11,32,11032,San José Iturbide
11,33,11033,San Luis de la Paz
11,34,11034,Santa Catarina
11,35,11035,Santa Cruz de Juventino Rosas
11,36,11036,Santiago Maravatío
11,37,11037,Silao de la Victoria
11,38,11038,Tarandacuao
11,39,11039,Tarimoro
11,40,11040,Tierra Blanca
11,41,11041,Uriangato
11,42,11042,Valle de Santiago
11,43,11043,Victoria
11,44,11044,Villagrán
11,45,11045,Xichú
11,46,11046,Yuriria
12,1,12001,Acapulco de Juárez
12,2,12002,Ahuacuotzingo
12,3,12003,Ajuchitlán del Progreso
12,4,12004,Alcozauca de Guerrero
12,5,12005,Alpoyeca
12,6,12006,Apaxtla
12,7,12007,Arcelia
12,8,12008,Atenango del Río
12,9,12009,Atlamajalcingo del Monte
12,10,12010,Atlixtac
12,11,12011,Atoyac de Álvarez
12,12,12012,Ayutla de los Libres
12,13,12013,Azoyú
12,14,12014,Benito Juárez
12,15,12015,Buenavista de Cuéllar
12,16,12016,Coahuayutla de José María Izazaga
12,17,12017,Cocula
12,18,12018,Copala
12,19,12019,Copalillo
12,20,12020,Copanatoyac
12,21,12021,Coyuca de Benítez
12,22,12022,Coyuca de Catalán
12,23,12023,Cuajinicuilapa
12,24,12024,Cualác
12,25,12025,Cuautepec
12,26,12026,Cuetzala del Progreso
12,27,12027,Cutzamala de Pinzón
12,28,12028,Chilapa de Álvarez
12,29,12029,Chilpancingo de los Bravo
12,30,12030,Florencio Villarreal
12,31,12031,General Canuto A. Neri
12,32,12032,General Heliodoro Castillo
12,33,12033,Huamuxtitlán
12,34,12034,Huitzuco de los Figueroa
12,35,12035,Iguala de la Independencia
12,36,12036,Igualapa
12,37,12037,Ixcateopan de Cuauhtémoc
12,38,12038,Zihuatanejo de Azueta
12,39,12039,Juan R. Escudero
12,40,12040,Leonardo Bravo
12,41,12041,Malinaltepec
12,42,12042,Mártir de Cuilapan
12,43,12043,Metlatónoc
12,44,12044,Mochitlán
12,45,12045,Olinalá
12,46,12046,Ometepec
12,47,12047,Pedro Ascencio Alquisiras
12,48,12048,Petatlán
12,49,12049,Pilcaya
12,50,12050,Pungarabato
12,51,12051,Quechultenango
12,52,12052,San Luis Acatlán
12,53,12053,San Marcos
12,54,12054,San Miguel Totolapan
12,55,12055,Taxco de Alarcón
12,56,12056,Tecoanapa
12,57,12057,Técpan de Galeana
12,58,12058,Teloloapan
12,59,12059,Tepecoacuilco de Trujano
12,60,12060,Tetipac
12,61,12061,Tixtla de Guerrero
12,62,12062,Tlacoachistlahuaca
12,63,12063,Tlacoapa
12,64,12064,Tlalchapa
12,65,12065,Tlalixtaquilla de Maldonado
12,66,12066,Tlapa de Comonfort
12,67,12067,Tlapehuala
12,68,12068,La Unión de Isidoro Montes de Oca
12,69,12069,Xalpatláhuac
12,70,12070,Xochihuehuetlán
12,71,12071,Xochistlahuaca
12,72,12072,Zapotitlán Tablas
12,73,12073,Zirándaro
12,74,12074,Zitlala
12,75,12075,Eduardo Neri
12,76,12076,Acatepec
12,77,12077,Marquelia
12,78,12078,Cochoapa el Grande
12,79,12079,José Joaquín de Herrera
12,80,12080,Juchitán
12,81,12081,Iliatenco
13,1,13001,Acatlán
13,2,13002,Acaxochitlán
13,3,13003,Actopan
13,4,13004,Agua Blanca de Iturbide
13,5,13005,Ajacuba
13,6,13006,Alfajayucan
13,7,13007,Almoloya
13,8,13008,Apan
13,9,13009,El Arenal
13,10,13010,Atitalaquia
13,11,13011,Atlapexco
13,12,13012,Atotonilco el Grande
13,13,13013,Atotonilco de Tula
13,14,13014,Calnali
13,15,13015,Cardonal
13,16,13016,Cuautepec de Hinojosa
13,17,13017,Chapantongo
13,18,13018,Chapulhuacán
13,19,13019,Chilcuautla
13,20,13020,Eloxochitlán
13,21,13021,Emiliano Zapata
13,22,13022,Epazoyucan
13,23,13023,Francisco I. Madero
13,24,13024,Huasca de Ocampo
13,25,13025,Huautla
13,26,13026,Huazalingo
13,27,13027,Huehuetla
13,28,13028,Huejutla de Reyes
13,29,13029,Huichapan
13,30,13030,Ixmiquilpan
13,31,13031,Jacala de Ledezma
13,32,13032,Jaltocán
13,33,13033,Juárez Hidalgo
13,34,13034,Lolotla
13,35,13035,Metepec
13,36,13036,San Agustín Metzquititlán
13,37,13037,Metztitlán
13,38,13038,Mineral del Chico
13,39,13039,Mineral del Monte
13,40,13040,La Misión
13,41,13041,Mixquiahuala de Juárez
13,42,13042,Molango de Escamilla
13,43,13043,Nicolás Flores
13,44,13044,Nopala de Villagrán
13,45,13045,Omitlán de Juárez
13,46,13046,San Felipe Orizatlán
13,47,13047,Pacula
13,48,13048,Pachuca de Soto
13,49,13049,Pisaflores
13,50,13050,Progreso de Obregón
13,51,13051,Mineral de la Reforma
13,52,13052,San Agustín Tlaxiaca
13,53,13053,San Bartolo Tutotepec
13,54,13054,San Salvador
13,55,13055,Santiago de Anaya
13,56,13056,Santiago Tulantepec de Lugo Guerrero
13,57,13057,Singuilucan
13,58,13058,Tasquillo
13,59,13059,Tecozautla
13,60,13060,Tenango de Doria
13,61,13061,Tepeapulco
13,62,13062,Tepehuacán de Guerrero
13,63,13063,Tepeji del Río de Ocampo
13,64,13064,Tepetitlán
13,65,13065,Tetepango
13,66,13066,Villa de Tezontepec
13,67,13067,Tezontepec de Aldama
13,68,13068,Tianguistengo
13,69,13069,Tizayuca
13,70,13070,Tlahuelilpan
13,71,13071,Tlahuiltepa
13,72,13072,Tlanalapa
13,73,13073,Tlanchinol
13,74,13074,Tlaxcoapan
13,75,13075,Tolcayuca
13,76,13076,Tula de Allende
13,77,13077,Tulancingo de Bravo
13,78,13078,Xochiatipan
13,79,13079,Xochicoatlán
13,80,13080,Yahualica
13,81,13081,Zacualtipán de Ángeles
13,82,13082,Zapotlán de Juárez
13,83,13083,Zempoala
13,84,13084,Zimapán
14,1,14001,Acatic
14,2,14002,Acatlán de Juárez
14,3,14003,Ahualulco de Mercado
14,4,14004,Amacueca
14,5,14005,Amatitán
14,6,14006,Ameca
14,7,14007,San Juanito de Escobedo
14,8,14008,Arandas
14,9,14009,El Arenal
14,10,14010,Atemajac de Brizuela
14,11,14011,Atengo
14,12,14012,Atenguillo
14,13,14013,Atotonilco el Alto
14,14,14014,Atoyac
14,15,14015,Autlán de Navarro
14,16,14016,Ayotlán
14,17,14017,Ayutla
14,18,14018,La Barca
14,19,14019,Bolaños
14,20,14020,Cabo Corrientes
14,21,14021,Casimiro Castillo
14,22,14022,Cihuatlán
14,23,14023,Zapotlán el Grande
14,24,14024,Cocula
14,25,14025,Colotlán
14,26,14026,Concepción de Buenos Aires
14,27,14027,Cuautitlán de García Barragán
14,28,14028,Cuautla
14,29,14029,Cuquío
14,30,14030,Chapala
14,31,14031,Chimaltitán
14,32,14032,Chiquilistlán
14,33,14033,Degollado
14,34,14034,Ejutla
14,35,14035,Encarnación de Díaz
14,36,14036,Etzatlán
14,37,14037,El Grullo
14,38,14038,Guachinango
14,39,14039,Guadalajara
14,40,14040,Hostotipaquillo
14,41,14041,Huejúcar
14,42,14042,Huejuquilla el Alto
14,43,14043,La Huerta
14,44,14044,Ixtlahuacán de los Membrillos
14,45,14045,Ixtlahuacán del Río
14,46,14046,Jalostotitlán
14,47,14047,Jamay
14,48,14048,Jesús María
14,49,14049,Jilotlán de los Dolores
14,50,14050,Jocotepec
14,51,14051,Juanacatlán
14,52,14052,Juchitlán
14,53,14053,Lagos de Moreno
14,54,14054,El Limón
14,55,14055,Magdalena
14,56,14056,Santa María del Oro
14,57,14057,La Manzanilla de la Paz
14,58,14058,Mascota
14,59,14059,Mazamitla
14,60,14060,Mexticacán
14,61,14061,Mezquitic
14,62,14062,Mixtlán
14,63,14063,Ocotlán
14,64,14064,Ojuelos de Jalisco
14,65,14065,Pihuamo
14,66,14066,Poncitlán
14,67,14067,Puerto Vallarta
14,68,14068,Villa Purificación
14,69,14069,Quitupan
14,70,14070,El Salto
14,71,14071,San Cristóbal de la Barranca
14,72,14072,San Diego de Alejandría
14,73,14073,San Juan de los Lagos
14,74,14074,San Julián
14,75,14075,San Marcos
14,76,14076,San Martín de Bolaños
14,77,14077,San Martín Hidalgo
14,78,14078,San Miguel el Alto
14,79,14079,Gómez Farías
14,80,14080,San Sebastián del Oeste
14,81,14081,Santa María de los Ángeles
14,82,14082,Sayula
14,83,14083,Tala
14,84,14084,Talpa de Allende
14,85,14085,Tamazula de Gordiano
14,86,14086,Tapalpa
14,87,14087,Tecalitlán
14,88,14088,Tecolotlán
14,89,14089,Techaluta de Montenegro
14,90,14090,Tenamaxtlán
14,91,14091,Teocaltiche
14,92,14092,Teocuitatlán de Corona
14,93,14093,Tepatitlán de Morelos
14,94,14094,Tequila
14,95,14095,Teuchitlán
14,96,14096,Tizapán el Alto
14,97,14097,Tlajomulco de Zúñiga
14,98,14098,San Pedro Tlaquepaque
14,99,14099,Tolimán
14,100,14100,Tomatlán
14,101,14101,Tonalá
14,102,14102,Tonaya
14,103,14103,Tonila
14,104,14104,Totatiche
14,105,14105,Tototlán
14,106,14106,Tuxcacuesco
14,107,14107,Tuxcueca
14,108,14108,Tuxpan
14,109,14109,Unión de San Antonio
14,110,14110,Unión de Tula
14,111,14111,Valle de Guadalupe
14,112,14112,Valle de Juárez
14,113,14113,San Gabriel
14,114,14114,Villa Corona
14,115,14115,Villa Guerrero
14,116,14116,Villa Hidalgo
14,117,14117,Cañadas de Obregón
14,118,14118,Yahualica de González Gallo
14,119,14119,Zacoalco de Torres
14,120,14120,Zapopan
14,121,14121,Zapotiltic
14,122,14122,Zapotitlán de Vadillo
14,123,14123,Zapotlán del Rey
14,124,14124,Zapotlanejo
14,125,14125,San Ignacio Cerro Gordo
15,1,15001,Acambay de Ruíz Castañeda
15,2,15002,Acolman
15,3,15003,Aculco
15,4,15004,Almoloya de Alquisiras
15,5,15005,Almoloya de Juárez
15,6,15006,Almoloya del Río
15,7,15007,Amanalco
15,8,15008,Amatepec
15,9,15009,Amecameca
15,10,15010,Apaxco
15,11,15011,Atenco
15,12,15012,Atizapán
15,13,15013,Atizapán de Zaragoza
15,14,15014,Atlacomulco
15,15,15015,Atlautla
15,16,15016,Axapusco
15,17,15017,Ayapango
15,18,15018,Calimaya
15,19,15019,Capulhuac
15,20,15020,Coacalco de Berriozábal
15,21,15021,Coatepec Harinas
15,22,15022,Cocotitlán
15,23,15023,Coyotepec
15,24,15024,Cuautitlán
15,25,15025,Chalco
15,26,15026,Chapa de Mota
15,27,15027,Chapultepec
15,28,15028,Chiautla
15,29,15029,Chicoloapan
15,30,15030,Chiconcuac
15,31,15031,Chimalhuacán
15,32,15032,Donato Guerra
15,33,15033,Ecatepec de Morelos
15,34,15034,Ecatzingo
15,35,15035,Huehuetoca
15,36,15036,Hueypoxtla
15,37,15037,Huixquilucan
15,38,15038,Isidro Fabela
15,39,15039,Ixtapaluca
15,40,15040,Ixtapan de la Sal
15,41,15041,Ixtapan del Oro
15,42,15042,Ixtlahuaca
15,43,15043,Xalatlaco
15,44,15044,Jaltenco
15,45,15045,Jilotepec
15,46,15046,Jilotzingo
15,47,15047,Jiquipilco
15,48,15048,Jocotitlán
15,49,15049,Joquicingo
15,50,15050,Juchitepec
15,51,15051,Lerma
15,52,15052,Malinalco
15,53,15053,Melchor Ocampo
15,54,15054,Metepec
15,55,15055,Mexicaltzingo
15,56,15056,Morelos
15,57,15057,Naucalpan de Juárez
15,58,15058,Nezahualcóyotl
15,59,15059,Nextlalpan
15,60,15060,Nicolás Romero
15,61,15061,Nopaltepec
15,62,15062,Ocoyoacac
15,63,15063,Ocuilan
15,64,15064,El Oro
15,65,15065,Otumba
15,66,15066,Otzoloapan
15,67,15067,Otzolotepec
15,68,15068,Ozumba
15,69,15069,Papalotla
15,70,15070,La Paz
15,71,15071,Polotitlán
15,72,15072,Rayón
15,73,15073,San Antonio la Isla
15,74,15074,San Felipe del Progreso
15,75,15075,San Martín de las Pirámides
15,76,15076,San Mateo Atenco
15,77,15077,San Simón de Guerrero
15,78,15078,Santo Tomás
15,79,15079,Soyaniquilpan de Juárez
15,80,15080,Sultepec
15,81,15081,Tecámac
15,82,15082,Tejupilco
15,83,15083,Temamatla
15,84,15084,Temascalapa
15,85,15085,Temascalcingo
15,86,15086,Temascaltepec
15,87,15087,Temoaya
15,88,15088,Tenancingo
15,89,15089,Tenango del Aire
15,90,15090,Tenango del Valle
15,91,15091,Teoloyucan
15,92,15092,Teotihuacán
15,93,15093,Tepetlaoxtoc
15,94,15094,Tepetlixpa
15,95,15095,Tepotzotlán
15,96,15096,Tequixquiac
15,97,15097,Texcaltitlán
15,98,15098,Texcalyacac
15,99,15099,Texcoco
15,100,15100,Tezoyuca
15,101,15101,Tianguistenco
15,102,15102,Timilpan
15,103,15103,Tlalmanalco
15,104,15104,Tlalnepantla de Baz
15,105,15105,Tlatlaya
15,106,15106,Toluca
15,107,15107,Tonatico
15,108,15108,Tultepec
15,109,15109,Tultitlán
15,110,15110,Valle de Bravo
15,111,15111,Villa de Allende
15,112,15112,Villa del Carbón
15,113,15113,Villa Guerrero
15,114,15114,Villa Victoria
15,115,15115,Xonacatlán
15,116,15116,Zacazonapan
15,117,15117,Zacualpan
15,118,15118,Zinacantepec
15,119,15119,Zumpahuacán
15,120,15120,Zumpango
15,121,15121,Cuautitlán Izcalli
15,122,15122,Valle de Chalco Solidaridad
15,123,15123,Luvianos
15,124,15124,San José del Rincón
15,125,15125,Tonanitla
16,1,16001,Acuitzio
16,2,16002,Aguililla
16,3,16003,Álvaro Obregón
16,4,16004,Angamacutiro
16,5,16005,Angangueo
16,6,16006,Apatzingán
16,7,16007,Aporo
16,8,16008,Aquila
16,9,16009,Ario
16,10,16010,Arteaga
16,11,16011,Briseñas
16,12,16012,Buenavista
16,13,16013,Carácuaro
16,14,16014,Coahuayana
16,15,16015,Coalcomán de Vázquez Pallares
16,16,16016,Coeneo
16,17,16017,Contepec
16,18,16018,Copándaro
16,19,16019,Cotija
16,20,16020,Cuitzeo
16,21,16021,Charapan
16,22,16022,Charo
16,23,16023,Chavinda
16,24,16024,Cherán
16,25,16025,Chilchota
16,26,16026,Chinicuila
16,27,16027,Chucándiro
16,28,16028,Churintzio
16,29,16029,Churumuco
16,30,16030,Ecuandureo
16,31,16031,Epitacio Huerta
16,32,16032,Erongarícuaro
16,33,16033,Gabriel Zamora
16,34,16034,Hidalgo
16,35,16035,La Huacana
16,36,16036,Huandacareo
16,37,16037,Huaniqueo
16,38,16038,Huetamo
16,39,16039,Huiramba
16,40,16040,Indaparapeo
16,41,16041,Irimbo
16,42,16042,Ixtlán
16,43,16043,Jacona
16,44,16044,Jiménez
16,45,16045,Jiquilpan
16,46,16046,Juárez
16,47,16047,Jungapeo
16,48,16048,Lagunillas
16,49,16049,Madero
16,50,16050,Maravatío
16,51,16051,Marcos Castellanos
16,52,16052,Lázaro Cárdenas
16,53,16053,Morelia
16,54,16054,Morelos
16,55,16055,Múgica
16,56,16056,Nahuatzen
16,57,16057,Nocupétaro
16,58,16058,Nuevo Parangaricutiro
16,59,16059,Nuevo Urecho
16,60,16060,Numarán
16,61,16061,Ocampo
16,62,16062,Pajacuarán
16,63,16063,Panindícuaro
16,64,16064,Parácuaro
16,65,16065,Paracho
16,66,16066,Pátzcuaro
16,67,16067,Penjamillo
16,68,16068,Peribán
16,69,16069,La Piedad
16,70,16070,Purépero
16,71,16071,Puruándiro
16,72,16072,Queréndaro
16,73,16073,Quiroga
16,74,16074,Cojumatlán de Régules
16,75,16075,Los Reyes
16,76,16076,Sahuayo
16,77,16077,San Lucas
16,78,16078,Santa Ana Maya
16,79,16079,Salvador Escalante
16,80,16080,Senguio
16,81,16081,Susupuato
16,82,16082,Tacámbaro
16,83,16083,Tancítaro
16,84,16084,Tangamandapio
16,85,16085,Tangancícuaro
16,86,16086,Tanhuato
16,87,16087,Taretan
16,88,16088,Tarímbaro
16,89,16089,Tepalcatepec
16,90,16090,Tingambato
16,91,16091,Tingüindín
16,92,16092,Tiquicheo de Nicolás Romero
16,93,16093,Tlalpujahua
16,94,16094,Tlazazalca
16,95,16095,Tocumbo
16,96,16096,Tumbiscatío
16,97,16097,Turicato
16,98,16098,Tuxpan
16,99,16099,Tuzantla
16,100,16100,Tzintzuntzan
16,101,16101,Tzitzio
16,102,16102,Uruapan
16,103,16103,Venustiano Carranza
16,104,16104,Villamar
16,105,16105,Vista Hermosa
16,106,16106,Yurécuaro
16,107,16107,Zacapu
16,108,16108,Zamora
16,109,16109,Zináparo
16,110,16110,Zinapécuaro
16,111,16111,Ziracuaretiro
16,112,16112,Zitácuaro
16,113,16113,José Sixto Verduzco
17,1,17001,Amacuzac
17,2,17002,Atlatlahucan
17,3,17003,Axochiapan
17,4,17004,Ayala
17,5,17005,Coatlán del Río
17,6,17006,Cuautla
17,7,17007,Cuernavaca
17,8,17008,Emiliano Zapata
17,9,17009,Huitzilac
17,10,17010,Jantetelco
17,11,17011,Jiutepec
17,12,17012,Jojutla
17,13,17013,Jonacatepec de Leandro Valle
17,14,17014,Mazatepec
17,15,17015,Miacatlán
17,16,17016,Ocuituco
17,17,17017,Puente de Ixtla
17,18,17018,Temixco
17,19,17019,Tepalcingo
17,20,17020,Tepoztlán
17,21,17021,Tetecala
17,22,17022,Tetela del Volcán
17,23,17023,Tlalnepantla
17,24,17024,Tlaltizapán de Zapata
17,25,17025,Tlaquiltenango
17,26,17026,Tlayacapan
17,27,17027,Totolapan
17,28,17028,Xochitepec
17,29,17029,Yautepec
17,30,17030,Yecapixtla
17,31,17031,Zacatepec
17,32,17032,Zacualpan de Amilpas
17,33,17033,Temoac
17,34,17034,Coatetelco
17,35,17035,Xoxocotla
18,1,18001,Acaponeta
18,2,18002,Ahuacatlán
18,3,18003,Amatlán de Cañas
18,4,18004,Compostela
18,5,18005,Huajicori
18,6,18006,Ixtlán del Río
18,7,18007,Jala
18,8,18008,Xalisco
18,9,18009,Del Nayar
18,10,18010,Rosamorada
18,11,18011,Ruíz
18,12,18012,San Blas
18,13,18013,San Pedro Lagunillas
18,14,18014,Santa María del Oro
18,15,18015,Santiago Ixcuintla
18,16,18016,Tecuala
18,17,18017,Tepic
18,18,18018,Tuxpan
18,19,18019,La Yesca
18,20,18020,Bahía de Banderas
19,1,19001,Abasolo
19,2,19002,Agualeguas
19,3,19003,Los Aldamas
19,4,19004,Allende
19,5,19005,Anáhuac
19,6,19006,Apodaca
19,7,19007,Aramberri
19,8,19008,Bustamante
19,9,19009,Cadereyta Jiménez
19,10,19010,El Carmen
19,11,19011,Cerralvo
19,12,19012,Ciénega de Flores
19,13,19013,China
19,14,19014,Doctor Arroyo
19,15,19015,Doctor Coss
19,16,19016,Doctor González
19,17,19017,Galeana
19,18,19018,García
19,19,19019,San Pedro Garza García
19,20,19020,General Bravo
19,21,19021,General Escobedo
19,22,19022,General Terán
19,23,19023,General Treviño
19,24,19024,General Zaragoza
19,25,19025,General Zuazua
19,26,19026,Guadalupe
19,27,19027,Los Herreras
19,28,19028,Higueras
19,29,19029,Hualahuises
19,30,19030,Iturbide
19,31,19031,Juárez
19,32,19032,Lampazos de Naranjo
19,33,19033,Linares
19,34,19034,Marín
19,35,19035,Melchor Ocampo
19,36,19036,Mier y Noriega
19,37,19037,Mina
19,38,19038,Montemorelos
19,39,19039,Monterrey
19,40,19040,Parás
19,41,19041,Pesquería
19,42,19042,Los Ramones
19,43,19043,Rayones
19,44,19044,Sabinas Hidalgo
19,45,19045,Salinas Victoria
19,46,19046,San Nicolás de los Garza
19,47,19047,Hidalgo
19,48,19048,Santa Catarina
19,49,19049,Santiago
19,50,19050,Vallecillo
19,51,19051,Villaldama
20,1,20001,Abejones
20,2,20002,Acatlán de Pérez Figueroa
20,3,20003,Asunción Cacalotepec
20,4,20004,Asunción Cuyotepeji
20,5,20005,Asunción Ixtaltepec
20,6,20006,Asunción Nochixtlán
20,7,20007,Asunción Ocotlán
20,8,20008,Asunción Tlacolulita
20,9,20009,Ayotzintepec
20,10,20010,El Barrio de la Soledad
20,11,20011,Calihualá
20,12,20012,Candelaria Loxicha
20,13,20013,Ciénega de Zimatlán
20,14,20014,Ciudad Ixtepec
20,15,20015,Coatecas Altas
20,16,20016,Coicoyán de las Flores
20,17,20017,La Compañía
20,18,20018,Concepción Buenavista
20,19,20019,Concepción Pápalo
20,20,20020,Constancia del Rosario
20,21,20021,Cosolapa
20,22,20022,Cosoltepec
20,23,20023,Cuilápam de Guerrero
20,24,20024,Cuyamecalco Villa de Zaragoza
20,25,20025,Chahuites
20,26,20026,Chalcatongo de Hidalgo
20,27,20027,Chiquihuitlán de Benito Juárez
20,28,20028,Heroica Ciudad de Ejutla de Crespo
20,29,20029,Eloxochitlán de Flores Magón
20,30,20030,El Espinal
20,31,20031,Tamazulápam del Espíritu Santo
20,32,20032,Fresnillo de Trujano
20,33,20033,Guadalupe Etla
20,34,20034,Guadalupe de Ramírez
20,35,20035,Guelatao de Juárez
20,36,20036,Guevea de Humboldt
20,37,20037,Mesones Hidalgo
20,38,20038,Villa Hidalgo
20,39,20039,Heroica Ciudad de Huajuapan de León
20,40,20040,Huautepec
20,41,20041,Huautla de Jiménez
20,42,20042,Ixtlán de Juárez
20,43,20043,Heroica Ciudad de Juchitán de Zaragoza
20,44,20044,Loma Bonita
20,45,20045,Magdalena Apasco
20,46,20046,Magdalena Jaltepec
20,47,20047,Santa Magdalena Jicotlán
20,48,20048,Magdalena Mixtepec
20,49,20049,Magdalena Ocotlán
20,50,20050,Magdalena Peñasco
20,51,20051,Magdalena Teitipac
20,52,20052,Magdalena Tequisistlán
20,53,20053,Magdalena Tlacotepec
20,54,20054,Magdalena Zahuatlán
20,55,20055,Mariscala de Juárez
20,56,20056,Mártires de Tacubaya
20,57,20057,Matías Romero Avendaño
20,58,20058,Mazatlán Villa de Flores
20,59,20059,Miahuatlán de Porfirio Díaz
20,60,20060,Mixistlán de la Reforma
20,61,20061,Monjas
20,62,20062,Natividad
20,63,20063,Nazareno Etla
20,64,20064,Nejapa de Madero
20,65,20065,Ixpantepec Nieves
20,66,20066,Santiago Niltepec
20,67,20067,Oaxaca de Juárez
20,68,20068,Ocotlán de Morelos
20,69,20069,La Pe
20,70,20070,Pinotepa de Don Luis
20,71,20071,Pluma Hidalgo
20,72,20072,San José del Progreso
20,73,20073,Putla Villa de Guerrero
20,74,20074,Santa Catarina Quioquitani
20,75,20075,Reforma de Pineda
20,76,20076,La Reforma
20,77,20077,Reyes Etla
20,78,20078,Rojas de Cuauhtémoc
20,79,20079,Salina Cruz
20,80,20080,San Agustín Amatengo
20,81,20081,San Agustín Atenango
20,82,20082,San Agustín Chayuco
20,83,20083,San Agustín de las Juntas
20,84,20084,San Agustín Etla
20,85,20085,San Agustín Loxicha
20,86,20086,San Agustín Tlacotepec
20,87,20087,San Agustín Yatareni
20,88,20088,San Andrés Cabecera Nueva
20,89,20089,San Andrés Dinicuiti
20,90,20090,San Andrés Huaxpaltepec
20,91,20091,San Andrés Huayápam
20,92,20092,San Andrés Ixtlahuaca
20,93,20093,San Andrés Lagunas
20,94,20094,San Andrés Nuxiño
20,95,20095,San Andrés Paxtlán
20,96,20096,San Andrés Sinaxtla
20,97,20097,San Andrés Solaga
20,98,20098,San Andrés Teotilálpam
20,99,20099,San Andrés Tepetlapa
20,100,20100,San Andrés Yaá
20,101,20101,San Andrés Zabache
20,102,20102,San Andrés Zautla
20,103,20103,San Antonino Castillo Velasco
20,104,20104,San Antonino el Alto
20,105,20105,San Antonino Monte Verde
20,106,20106,San Antonio Acutla
20,107,20107,San Antonio de la Cal
20,108,20108,San Antonio Huitepec
20,109,20109,San Antonio Nanahuatípam
20,110,20110,San Antonio Sinicahua
20,111,20111,San Antonio Tepetlapa
20,112,20112,San Baltazar Chichicápam
20,113,20113,San Baltazar Loxicha
20,114,20114,San Baltazar Yatzachi el Bajo
20,115,20115,San Bartolo Coyotepec
20,116,20116,San Bartolomé Ayautla
20,117,20117,San Bartolomé Loxicha
20,118,20118,San Bartolomé Quialana
20,119,20119,San Bartolomé Yucuañe
20,120,20120,San Bartolomé Zoogocho
20,121,20121,San Bartolo Soyaltepec
20,122,20122,San Bartolo Yautepec
20,123,20123,San Bernardo Mixtepec
20,124,20124,San Blas Atempa
20,125,20125,San Carlos Yautepec
20,126,20126,San Cristóbal Amatlán
20,127,20127,San Cristóbal Amoltepec
20,128,20128,San Cristóbal Lachirioag
20,129,20129,San Cristóbal Suchixtlahuaca
20,130,20130,San Dionisio del Mar
20,131,20131,San Dionisio Ocotepec
20,132,20132,San Dionisio Ocotlán
20,133,20133,San Esteban Atatlahuca
20,134,20134,San Felipe Jalapa de Díaz
20,135,20135,San Felipe Tejalápam
20,136,20136,San Felipe Usila
20,137,20137,San Francisco Cahuacuá
20,138,20138,San Francisco Cajonos
20,139,20139,San Francisco Chapulapa
20,140,20140,San Francisco Chindúa
20,141,20141,San Francisco del Mar
20,142,20142,San Francisco Huehuetlán
20,143,20143,San Francisco Ixhuatán
20,144,20144,San Francisco Jaltepetongo
20,145,20145,San Francisco Lachigoló
20,146,20146,San Francisco Logueche
20,147,20147,San Francisco Nuxaño
20,148,20148,San Francisco Ozolotepec
20,149,20149,San Francisco Sola
20,150,20150,San Francisco Telixtlahuaca
20,151,20151,San Francisco Teopan
20,152,20152,San Francisco Tlapancingo
20,153,20153,San Gabriel Mixtepec
20,154,20154,San Ildefonso Amatlán
20,155,20155,San Ildefonso Sola
20,156,20156,San Ildefonso Villa Alta
20,157,20157,San Jacinto Amilpas
20,158,20158,San Jacinto Tlacotepec
20,159,20159,San Jerónimo Coatlán
20,160,20160,San Jerónimo Silacayoapilla
20,161,20161,San Jerónimo Sosola
20,162,20162,San Jerónimo Taviche
20,163,20163,San Jerónimo Tecóatl
20,164,20164,San Jorge Nuchita
20,165,20165,San José Ayuquila
20,166,20166,San José Chiltepec
20,167,20167,San José del Peñasco
20,168,20168,San José Estancia Grande
20,169,20169,San José Independencia
20,170,20170,San José Lachiguiri
20,171,20171,San José Tenango
20,172,20172,San Juan Achiutla
20,173,20173,San Juan Atepec
20,174,20174,Ánimas Trujano
20,175,20175,San Juan Bautista Atatlahuca
20,176,20176,San Juan Bautista Coixtlahuaca
20,177,20177,San Juan Bautista Cuicatlán
20,178,20178,San Juan Bautista Guelache
20,179,20179,San Juan Bautista Jayacatlán
20,180,20180,San Juan Bautista Lo de Soto
20,181,20181,San Juan Bautista Suchitepec
20,182,20182,San Juan Bautista Tlacoatzintepec
20,183,20183,San Juan Bautista Tlachichilco
20,184,20184,San Juan Bautista Tuxtepec
20,185,20185,San Juan Cacahuatepec
20,186,20186,San Juan Cieneguilla
20,187,20187,San Juan Coatzóspam
20,188,20188,San Juan Colorado
20,189,20189,San Juan Comaltepec
20,190,20190,San Juan Cotzocón
20,191,20191,San Juan Chicomezúchil
20,192,20192,San Juan Chilateca
20,193,20193,San Juan del Estado
20,194,20194,San Juan del Río
20,195,20195,San Juan Diuxi
20,196,20196,San Juan Evangelista Analco
20,197,20197,San Juan Guelavía
20,198,20198,San Juan Guichicovi
20,199,20199,San Juan Ihualtepec
20,200,20200,San Juan Juquila Mixes
20,201,20201,San Juan Juquila Vijanos
20,202,20202,San Juan Lachao
20,203,20203,San Juan Lachigalla
20,204,20204,San Juan Lajarcia
20,205,20205,San Juan Lalana
20,206,20206,San Juan de los Cués
20,207,20207,San Juan Mazatlán
20,208,20208,San Juan Mixtepec
20,209,20209,San Juan Mixtepec
20,210,20210,San Juan Ñumí
20,211,20211,San Juan Ozolotepec
20,212,20212,San Juan Petlapa
20,213,20213,San Juan Quiahije
20,214,20214,San Juan Quiotepec
20,215,20215,San Juan Sayultepec
20,216,20216,San Juan Tabaá
20,217,20217,San Juan Tamazola
20,218,20218,San Juan Teita
20,219,20219,San Juan Teitipac
20,220,20220,San Juan Tepeuxila
20,221,20221,San Juan Teposcolula
20,222,20222,San Juan Yaeé
20,223,20223,San Juan Yatzona
20,224,20224,San Juan Yucuita
20,225,20225,San Lorenzo
20,226,20226,San Lorenzo Albarradas
20,227,20227,San Lorenzo Cacaotepec
20,228,20228,San Lorenzo Cuaunecuiltitla
20,229,20229,San Lorenzo Texmelúcan
20,230,20230,San Lorenzo Victoria
20,231,20231,San Lucas Camotlán
20,232,20232,San Lucas Ojitlán
20,233,20233,San Lucas Quiaviní
20,234,20234,San Lucas Zoquiápam
20,235,20235,San Luis Amatlán
20,236,20236,San Marcial Ozolotepec
20,237,20237,San Marcos Arteaga
20,238,20238,San Martín de los Cansecos
20,239,20239,San Martín Huamelúlpam
20,240,20240,San Martín Itunyoso
20,241,20241,San Martín Lachilá
20,242,20242,San Martín Peras
20,243,20243,San Martín Tilcajete
20,244,20244,San Martín Toxpalan
20,245,20245,San Martín Zacatepec
20,246,20246,San Mateo Cajonos
20,247,20247,Capulálpam de Méndez
20,248,20248,San Mateo del Mar
20,249,20249,San Mateo Yoloxochitlán
20,250,20250,San Mateo Etlatongo
20,251,20251,San Mateo Nejápam
20,252,20252,San Mateo Peñasco
20,253,20253,San Mateo Piñas
20,254,20254,San Mateo Río Hondo
20,255,20255,San Mateo Sindihui
20,256,20256,San Mateo Tlapiltepec
20,257,20257,San Melchor Betaza
20,258,20258,San Miguel Achiutla
20,259,20259,San Miguel Ahuehuetitlán
20,260,20260,San Miguel Aloápam
20,261,20261,San Miguel Amatitlán
20,262,20262,San Miguel Amatlán
20,263,20263,San Miguel Coatlán
20,264,20264,San Miguel Chicahua
20,265,20265,San Miguel Chimalapa
20,266,20266,San Miguel del Puerto
20,267,20267,San Miguel del Río
20,268,20268,San Miguel Ejutla
20,269,20269,San Miguel el Grande
20,270,20270,San Miguel Huautla
20,271,20271,San Miguel Mixtepec
20,272,20272,San Miguel Panixtlahuaca
20,273,20273,San Miguel Peras
20,274,20274,San Miguel Piedras
20,275,20275,San Miguel Quetzaltepec
20,276,20276,San Miguel Santa Flor
20,277,20277,Villa Sola de Vega
20,278,20278,San Miguel Soyaltepec
20,279,20279,San Miguel Suchixtepec
20,280,20280,Villa Talea de Castro
20,281,20281,San Miguel Tecomatlán
20,282,20282,San Miguel Tenango
20,283,20283,San Miguel Tequixtepec
20,284,20284,San Miguel Tilquiápam
20,285,20285,San Miguel Tlacamama
20,286,20286,San Miguel Tlacotepec
20,287,20287,San Miguel Tulancingo
20,288,20288,San Miguel Yotao
20,289,20289,San Nicolás
20,290,20290,San Nicolás Hidalgo
20,291,20291,San Pablo Coatlán
20,292,20292,San Pablo Cuatro Venados
20,293,20293,San Pablo Etla
20,294,20294,San Pablo Huitzo
20,295,20295,San Pablo Huixtepec
20,296,20296,San Pablo Macuiltianguis
20,297,20297,San Pablo Tijaltepec
20,298,20298,San Pablo Villa de Mitla
20,299,20299,San Pablo Yaganiza
20,300,20300,San Pedro Amuzgos
20,301,20301,San Pedro Apóstol
20,302,20302,San Pedro Atoyac
20,303,20303,San Pedro Cajonos
20,304,20304,San Pedro Coxcaltepec Cántaros
20,305,20305,San Pedro Comitancillo
20,306,20306,San Pedro el Alto
20,307,20307,San Pedro Huamelula
20,308,20308,San Pedro Huilotepec
20,309,20309,San Pedro Ixcatlán
20,310,20310,San Pedro Ixtlahuaca
20,311,20311,San Pedro Jaltepetongo
20,312,20312,San Pedro Jicayán
20,313,20313,San Pedro Jocotipac
20,314,20314,San Pedro Juchatengo
20,315,20315,San Pedro Mártir
20,316,20316,San Pedro Mártir Quiechapa
20,317,20317,San Pedro Mártir Yucuxaco
20,318,20318,San Pedro Mixtepec
20,319,20319,San Pedro Mixtepec
20,320,20320,San Pedro Molinos
20,321,20321,San Pedro Nopala
20,322,20322,San Pedro Ocopetatillo
20,323,20323,San Pedro Ocotepec
20,324,20324,San Pedro Pochutla
20,325,20325,San Pedro Quiatoni
20,326,20326,San Pedro Sochiápam
20,327,20327,San Pedro Tapanatepec
20,328,20328,San Pedro Taviche
20,329,20329,San Pedro Teozacoalco
20,330,20330,San Pedro Teutila
20,331,20331,San Pedro Tidaá
20,332,20332,San Pedro Topiltepec
20,333,20333,San Pedro Totolápam
20,334,20334,Villa de Tututepec
20,335,20335,San Pedro Yaneri
20,336,20336,San Pedro Yólox
20,337,20337,San Pedro y San Pablo Ayutla
20,338,20338,Villa de Etla
20,339,20339,San Pedro y San Pablo Teposcolula
20,340,20340,San Pedro y San Pablo Tequixtepec
20,341,20341,San Pedro Yucunama
20,342,20342,San Raymundo Jalpan
20,343,20343,San Sebastián Abasolo
20,344,20344,San Sebastián Coatlán
20,345,20345,San Sebastián Ixcapa
20,346,20346,San Sebastián Nicananduta
20,347,20347,San Sebastián Río Hondo
20,348,20348,San Sebastián Tecomaxtlahuaca
20,349,20349,San Sebastián Teitipac
20,350,20350,San Sebastián Tutla
20,351,20351,San Simón Almolongas
20,352,20352,San Simón Zahuatlán
20,353,20353,Santa Ana
20,354,20354,Santa Ana Ateixtlahuaca
20,355,20355,Santa Ana Cuauhtémoc
20,356,20356,Santa Ana del Valle
20,357,20357,Santa Ana Tavela
20,358,20358,Santa Ana Tlapacoyan
20,359,20359,Santa Ana Yareni
20,360,20360,Santa Ana Zegache
20,361,20361,Santa Catalina Quierí
20,362,20362,Santa Catarina Cuixtla
20,363,20363,Santa Catarina Ixtepeji
20,364,20364,Santa Catarina Juquila
20,365,20365,Santa Catarina Lachatao
20,366,20366,Santa Catarina Loxicha
20,367,20367,Santa Catarina Mechoacán
20,368,20368,Santa Catarina Minas
20,369,20369,Santa Catarina Quiané
20,370,20370,Santa Catarina Tayata
20,371,20371,Santa Catarina Ticuá
20,372,20372,Santa Catarina Yosonotú
20,373,20373,Santa Catarina Zapoquila
20,374,20374,Santa Cruz Acatepec
20,375,20375,Santa Cruz Amilpas
20,376,20376,Santa Cruz de Bravo
20,377,20377,Santa Cruz Itundujia
20,378,20378,Santa Cruz Mixtepec
20,379,20379,Santa Cruz Nundaco
20,380,20380,Santa Cruz Papalutla
20,381,20381,Santa Cruz Tacache de Mina
20,382,20382,Santa Cruz Tacahua
20,383,20383,Santa Cruz Tayata
20,384,20384,Santa Cruz Xitla
20,385,20385,Santa Cruz Xoxocotlán
20,386,20386,Santa Cruz Zenzontepec
20,387,20387,Santa Gertrudis
20,388,20388,Santa Inés del Monte
20,389,20389,Santa Inés Yatzeche
20,390,20390,Santa Lucía del Camino
20,391,20391,Santa Lucía Miahuatlán
20,392,20392,Santa Lucía Monteverde
20,393,20393,Santa Lucía Ocotlán
20,394,20394,Santa María Alotepec
20,395,20395,Santa María Apazco
20,396,20396,Santa María la Asunción
20,397,20397,Heroica Ciudad de Tlaxiaco
20,398,20398,Ayoquezco de Aldama
20,399,20399,Santa María Atzompa
20,400,20400,Santa María Camotlán
20,401,20401,Santa María Colotepec
20,402,20402,Santa María Cortijo
20,403,20403,Santa María Coyotepec
20,404,20404,Santa María Chachoápam
20,405,20405,Villa de Chilapa de Díaz
20,406,20406,Santa María Chilchotla
20,407,20407,Santa María Chimalapa
20,408,20408,Santa María del Rosario
20,409,20409,Santa María del Tule
20,410,20410,Santa María Ecatepec
20,411,20411,Santa María Guelacé
20,412,20412,Santa María Guienagati
20,413,20413,Santa María Huatulco
20,414,20414,Santa María Huazolotitlán
20,415,20415,Santa María Ipalapa
20,416,20416,Santa María Ixcatlán
20,417,20417,Santa María Jacatepec
20,418,20418,Santa María Jalapa del Marqués
20,419,20419,Santa María Jaltianguis
20,420,20420,Santa María Lachixío
20,421,20421,Santa María Mixtequilla
20,422,20422,Santa María Nativitas
20,423,20423,Santa María Nduayaco
20,424,20424,Santa María Ozolotepec
20,425,20425,Santa María Pápalo
20,426,20426,Santa María Peñoles
20,427,20427,Santa María Petapa
20,428,20428,Santa María Quiegolani
20,429,20429,Santa María Sola
20,430,20430,Santa María Tataltepec
20,431,20431,Santa María Tecomavaca
20,432,20432,Santa María Temaxcalapa
20,433,20433,Santa María Temaxcaltepec
20,434,20434,Santa María Teopoxco
20,435,20435,Santa María Tepantlali
20,436,20436,Santa María Texcatitlán
20,437,20437,Santa María Tlahuitoltepec
20,438,20438,Santa María Tlalixtac
20,439,20439,Santa María Tonameca
20,440,20440,Santa María Totolapilla
20,441,20441,Santa María Xadani
20,442,20442,Santa María Yalina
20,443,20443,Santa María Yavesía
20,444,20444,Santa María Yolotepec
20,445,20445,Santa María Yosoyúa
20,446,20446,Santa María Yucuhiti
20,447,20447,Santa María Zacatepec
20,448,20448,Santa María Zaniza
20,449,20449,Santa María Zoquitlán
20,450,20450,Santiago Amoltepec
20,451,20451,Santiago Apoala
20,452,20452,Santiago Apóstol
20,453,20453,Santiago Astata
20,454,20454,Santiago Atitlán
20,455,20455,Santiago Ayuquililla
20,456,20456,Santiago Cacaloxtepec
20,457,20457,Santiago Camotlán
20,458,20458,Santiago Comaltepec
20,459,20459,Santiago Chazumba
20,460,20460,Santiago Choápam
20,461,20461,Santiago del Río
20,462,20462,Santiago Huajolotitlán
20,463,20463,Santiago Huauclilla
20,464,20464,Santiago Ihuitlán Plumas
20,465,20465,Santiago Ixcuintepec
20,466,20466,Santiago Ixtayutla
20,467,20467,Santiago Jamiltepec
20,468,20468,Santiago Jocotepec
20,469,20469,Santiago Juxtlahuaca
20,470,20470,Santiago Lachiguiri
20,471,20471,Santiago Lalopa
20,472,20472,Santiago Laollaga
20,473,20473,Santiago Laxopa
20,474,20474,Santiago Llano Grande
20,475,20475,Santiago Matatlán
20,476,20476,Santiago Miltepec
20,477,20477,Santiago Minas
20,478,20478,Santiago Nacaltepec
20,479,20479,Santiago Nejapilla
20,480,20480,Santiago Nundiche
20,481,20481,Santiago Nuyoó
20,482,20482,Santiago Pinotepa Nacional
20,483,20483,Santiago Suchilquitongo
20,484,20484,Santiago Tamazola
20,485,20485,Santiago Tapextla
20,486,20486,Villa Tejúpam de la Unión
20,487,20487,Santiago Tenango
20,488,20488,Santiago Tepetlapa
20,489,20489,Santiago Tetepec
20,490,20490,Santiago Texcalcingo
20,491,20491,Santiago Textitlán
20,492,20492,Santiago Tilantongo
20,493,20493,Santiago Tillo
20,494,20494,Santiago Tlazoyaltepec
20,495,20495,Santiago Xanica
20,496,20496,Santiago Xiacuí
20,497,20497,Santiago Yaitepec
20,498,20498,Santiago Yaveo
20,499,20499,Santiago Yolomécatl
20,500,20500,Santiago Yosondúa
20,501,20501,Santiago Yucuyachi
20,502,20502,Santiago Zacatepec
20,503,20503,Santiago Zoochila
20,504,20504,Nuevo Zoquiápam
20,505,20505,Santo Domingo Ingenio
20,506,20506,Santo Domingo Albarradas
20,507,20507,Santo Domingo Armenta
20,508,20508,Santo Domingo Chihuitán
20,509,20509,Santo Domingo de Morelos
20,510,20510,Santo Domingo Ixcatlán
20,511,20511,Santo Domingo Nuxaá
20,512,20512,Santo Domingo Ozolotepec
20,513,20513,Santo Domingo Petapa
20,514,20514,Santo Domingo Roayaga
20,515,20515,Santo Domingo Tehuantepec
20,516,20516,Santo Domingo Teojomulco
20,517,20517,Santo Domingo Tepuxtepec
20,518,20518,Santo Domingo Tlatayápam
20,519,20519,Santo Domingo Tomaltepec
20,520,20520,Santo Domingo Tonalá
20,521,20521,Santo Domingo Tonaltepec
20,522,20522,Santo Domingo Xagacía
20,523,20523,Santo Domingo Yanhuitlán
20,524,20524,Santo Domingo Yodohino
20,525,20525,Santo Domingo Zanatepec
20,526,20526,Santos Reyes Nopala
20,527,20527,Santos Reyes Pápalo
20,528,20528,Santos Reyes Tepejillo
20,529,20529,Santos Reyes Yucuná
20,530,20530,Santo Tomás Jalieza
20,531,20531,Santo Tomás Mazaltepec
20,532,20532,Santo Tomás Ocotepec
20,533,20533,Santo Tomás Tamazulapan
20,534,20534,San Vicente Coatlán
20,535,20535,San Vicente Lachixío
20,536,20536,San Vicente Nuñú
20,537,20537,Silacayoápam
20,538,20538,Sitio de Xitlapehua
20,539,20539,Soledad Etla
20,540,20540,Villa de Tamazulápam del Progreso
20,541,20541,Tanetze de Zaragoza
20,542,20542,Taniche
20,543,20543,Tataltepec de Valdés
20,544,20544,Teococuilco de Marcos Pérez
20,545,20545,Teotitlán de Flores Magón
20,546,20546,Teotitlán del Valle
20,547,20547,Teotongo
20,548,20548,Tepelmeme Villa de Morelos
20,549,20549,"Heroica Villa Tezoatlán de Segura y Luna, Cuna de la Independencia de Oaxaca"
20,550,20550,San Jerónimo Tlacochahuaya
20,551,20551,Tlacolula de Matamoros
20,552,20552,Tlacotepec Plumas
20,553,20553,Tlalixtac de Cabrera
20,554,20554,Totontepec Villa de Morelos
20,555,20555,Trinidad Zaachila
20,556,20556,La Trinidad Vista Hermosa
20,557,20557,Unión Hidalgo
20,558,20558,Valerio Trujano
20,559,20559,San Juan Bautista Valle Nacional
20,560,20560,Villa Díaz Ordaz
20,561,20561,Yaxe
20,562,20562,Magdalena Yodocono de Porfirio Díaz
20,563,20563,Yogana
20,564,20564,Yutanduchi de Guerrero
20,565,20565,Villa de Zaachila
20,566,20566,San Mateo Yucutindoo
20,567,20567,Zapotitlán Lagunas
20,568,20568,Zapotitlán Palmas
20,569,20569,Santa Inés de Zaragoza
20,570,20570,Zimatlán de Álvarez
21,1,21001,Acajete
21,2,21002,Acateno
21,3,21003,Acatlán
21,4,21004,Acatzingo
21,5,21005,Acteopan
21,6,21006,Ahuacatlán
21,7,21007,Ahuatlán
21,8,21008,Ahuazotepec
21,9,21009,Ahuehuetitla
21,10,21010,Ajalpan
21,11,21011,Albino Zertuche
21,12,21012,Aljojuca
21,13,21013,Altepexi
21,14,21014,Amixtlán
21,15,21015,Amozoc
21,16,21016,Aquixtla
21,17,21017,Atempan
21,18,21018,Atexcal
21,19,21019,Atlixco
21,20,21020,Atoyatempan
21,21,21021,Atzala
21,22,21022,Atzitzihuacán
21,23,21023,Atzitzintla
21,24,21024,Axutla
21,25,21025,Ayotoxco de Guerrero
21,26,21026,Calpan
21,27,21027,Caltepec
21,28,21028,Camocuautla
21,29,21029,Caxhuacan
21,30,21030,Coatepec
21,31,21031,Coatzingo
21,32,21032,Cohetzala
21,33,21033,Cohuecan
21,34,21034,Coronango
21,35,21035,Coxcatlán
21,36,21036,Coyomeapan
21,37,21037,Coyotepec
21,38,21038,Cuapiaxtla de Madero
21,39,21039,Cuautempan
21,40,21040,Cuautinchán
21,41,21041,Cuautlancingo
21,42,21042,Cuayuca de Andrade
21,43,21043,Cuetzalan del Progreso
21,44,21044,Cuyoaco
21,45,21045,Chalchicomula de Sesma
21,46,21046,Chapulco
21,47,21047,Chiautla
21,48,21048,Chiautzingo
21,49,21049,Chiconcuautla
21,50,21050,Chichiquila
21,51,21051,Chietla
21,52,21052,Chigmecatitlán
21,53,21053,Chignahuapan
21,54,21054,Chignautla
21,55,21055,Chila
21,56,21056,Chila de la Sal
21,57,21057,Honey
21,58,21058,Chilchotla
21,59,21059,Chinantla
21,60,21060,Domingo Arenas
21,61,21061,Eloxochitlán
21,62,21062,Epatlán
21,63,21063,Esperanza
21,64,21064,Francisco Z. Mena
21,65,21065,General Felipe Ángeles
21,66,21066,Guadalupe
21,67,21067,Guadalupe Victoria
21,68,21068,Hermenegildo Galeana
21,69,21069,Huaquechula
21,70,21070,Huatlatlauca
21,71,21071,Huauchinango
21,72,21072,Huehuetla
21,73,21073,Huehuetlán el Chico
21,74,21074,Huejotzingo
21,75,21075,Hueyapan
21,76,21076,Hueytamalco
21,77,21077,Hueytlalpan
21,78,21078,Huitzilan de Serdán
21,79,21079,Huitziltepec
21,80,21080,Atlequizayan
21,81,21081,Ixcamilpa de Guerrero
21,82,21082,Ixcaquixtla
21,83,21083,Ixtacamaxtitlán
21,84,21084,Ixtepec
21,85,21085,Izúcar de Matamoros
21,86,21086,Jalpan
21,87,21087,Jolalpan
21,88,21088,Jonotla
21,89,21089,Jopala
21,90,21090,Juan C. Bonilla
21,91,21091,Juan Galindo
21,92,21092,Juan N. Méndez
21,93,21093,Lafragua
21,94,21094,Libres
21,95,21095,La Magdalena Tlatlauquitepec
21,96,21096,Mazapiltepec de Juárez
21,97,21097,Mixtla
21,98,21098,Molcaxac
21,99,21099,Cañada Morelos
21,100,21100,Naupan
21,101,21101,Nauzontla
21,102,21102,Nealtican
21,103,21103,Nicolás Bravo
21,104,21104,Nopalucan
21,105,21105,Ocotepec
21,106,21106,Ocoyucan
21,107,21107,Olintla
21,108,21108,Oriental
21,109,21109,Pahuatlán
21,110,21110,Palmar de Bravo
21,111,21111,Pantepec
21,112,21112,Petlalcingo
21,113,21113,Piaxtla
21,114,21114,Puebla
21,115,21115,Quecholac
21,116,21116,Quimixtlán
21,117,21117,Rafael Lara Grajales
21,118,21118,Los Reyes de Juárez
21,119,21119,San Andrés Cholula
21,120,21120,San Antonio Cañada
21,121,21121,San Diego la Mesa Tochimiltzingo
21,122,21122,San Felipe Teotlalcingo
21,123,21123,San Felipe Tepatlán
21,124,21124,San Gabriel Chilac
21,125,21125,San Gregorio Atzompa
21,126,21126,San Jerónimo Tecuanipan
21,127,21127,San Jerónimo Xayacatlán
21,128,21128,San José Chiapa
21,129,21129,San José Miahuatlán
21,130,21130,San Juan Atenco
21,131,21131,San Juan Atzompa
21,132,21132,San Martín Texmelucan
21,133,21133,San Martín Totoltepec
21,134,21134,San Matías Tlalancaleca
21,135,21135,San Miguel Ixitlán
21,136,21136,San Miguel Xoxtla
21,137,21137,San Nicolás Buenos Aires
21,138,21138,San Nicolás de los Ranchos
21,139,21139,San Pablo Anicano
21,140,21140,San Pedro Cholula
21,141,21141,San Pedro Yeloixtlahuaca
21,142,21142,San Salvador el Seco
21,143,21143,San Salvador el Verde
21,144,21144,San Salvador Huixcolotla
21,145,21145,San Sebastián Tlacotepec
21,146,21146,Santa Catarina Tlaltempan
21,147,21147,Santa Inés Ahuatempan
21,148,21148,Santa Isabel Cholula
21,149,21149,Santiago Miahuatlán
21,150,21150,Huehuetlán el Grande
21,151,21151,Santo Tomás Hueyotlipan
21,152,21152,Soltepec
21,153,21153,Tecali de Herrera
21,154,21154,Tecamachalco
21,155,21155,Tecomatlán
21,156,21156,Tehuacán
21,157,21157,Tehuitzingo
21,158,21158,Tenampulco
21,159,21159,Teopantlán
21,160,21160,Teotlalco
21,161,21161,Tepanco de López
21,162,21162,Tepango de Rodríguez
21,163,21163,Tepatlaxco de Hidalgo
21,164,21164,Tepeaca
21,165,21165,Tepemaxalco
21,166,21166,Tepeojuma
21,167,21167,Tepetzintla
21,168,21168,Tepexco
21,169,21169,Tepexi de Rodríguez
21,170,21170,Tepeyahualco
21,171,21171,Tepeyahualco de Cuauhtémoc
21,172,21172,Tetela de Ocampo
21,173,21173,Teteles de Avila Castillo
21,174,21174,Teziutlán
21,175,21175,Tianguismanalco
21,176,21176,Tilapa
21,177,21177,Tlacotepec de Benito Juárez
21,178,21178,Tlacuilotepec
21,179,21179,Tlachichuca
21,180,21180,Tlahuapan
21,181,21181,Tlaltenango
21,182,21182,Tlanepantla
21,183,21183,Tlaola
21,184,21184,Tlapacoya
21,185,21185,Tlapanalá
21,186,21186,Tlatlauquitepec
21,187,21187,Tlaxco
21,188,21188,Tochimilco
21,189,21189,Tochtepec
21,190,21190,Totoltepec de Guerrero
21,191,21191,Tulcingo
21,192,21192,Tuzamapan de Galeana
21,193,21193,Tzicatlacoyan
21,194,21194,Venustiano Carranza
21,195,21195,Vicente Guerrero
21,196,21196,Xayacatlán de Bravo
21,197,21197,Xicotepec
21,198,21198,Xicotlán
21,199,21199,Xiutetelco
21,200,21200,Xochiapulco
21,201,21201,Xochiltepec
21,202,21202,Xochitlán de Vicente Suárez
21,203,21203,Xochitlán Todos Santos
21,204,21204,Yaonáhuac
21,205,21205,Yehualtepec
21,206,21206,Zacapala
21,207,21207,Zacapoaxtla
21,208,21208,Zacatlán
21,209,21209,Zapotitlán
21,210,21210,Zapotitlán de Méndez
21,211,21211,Zaragoza
21,212,21212,Zautla
21,213,21213,Zihuateutla
21,214,21214,Zinacatepec
21,215,21215,Zongozotla
21,216,21216,Zoquiapan
21,217,21217,Zoquitlán
22,1,22001,Amealco de Bonfil
22,2,22002,Pinal de Amoles
22,3,22003,Arroyo Seco
22,4,22004,Cadereyta de Montes
22,5,22005,Colón
22,6,22006,Corregidora
22,7,22007,Ezequiel Montes
22,8,22008,Huimilpan
22,9,22009,Jalpan de Serra
22,10,22010,Landa de Matamoros
22,11,22011,El Marqués
22,12,22012,Pedro Escobedo
22,13,22013,Peñamiller
22,14,22014,Querétaro
22,15,22015,San Joaquín
22,16,22016,San Juan del Río
22,17,22017,Tequisquiapan
22,18,22018,Tolimán
23,1,23001,Cozumel
23,2,23002,Felipe Carrillo Puerto
23,3,23003,Isla Mujeres
23,4,23004,Othón P. Blanco
23,5,23005,Benito Juárez
23,6,23006,José María Morelos
23,7,23007,Lázaro Cárdenas
23,8,23008,Solidaridad
23,9,23009,Tulum
23,10,23010,Bacalar
23,11,23011,Puerto Morelos
24,1,24001,Ahualulco
24,2,24002,Alaquines
24,3,24003,Aquismón
24,4,24004,Armadillo de los Infante
24,5,24005,Cárdenas
24,6,24006,Catorce
24,7,24007,Cedral
24,8,24008,Cerritos
24,9,24009,Cerro de San Pedro
24,10,24010,Ciudad del Maíz
24,11,24011,Ciudad Fernández
24,12,24012,Tancanhuitz
24,13,24013,Ciudad Valles
24,14,24014,Coxcatlán
24,15,24015,Charcas
24,16,24016,Ebano
24,17,24017,Guadalcázar
24,18,24018,Huehuetlán
24,19,24019,Lagunillas
24,20,24020,Matehuala
24,21,24021,Mexquitic de Carmona
24,22,24022,Moctezuma
24,23,24023,Rayón
24,24,24024,Rioverde
24,25,24025,Salinas
24,26,24026,San Antonio
24,27,24027,San Ciro de Acosta
24,28,24028,San Luis Potosí
24,29,24029,San Martín Chalchicuautla
24,30,24030,San Nicolás Tolentino
24,31,24031,Santa Catarina
24,32,24032,Santa María del Río
24,33,24033,Santo Domingo
24,34,24034,San Vicente Tancuayalab
24,35,24035,Soledad de Graciano Sánchez
24,36,24036,Tamasopo
24,37,24037,Tamazunchale
24,38,24038,Tampacán
24,39,24039,Tampamolón Corona
24,40,24040,Tamuín
24,41,24041,Tanlajás
24,42,24042,Tanquián de Escobedo
24,43,24043,Tierra Nueva
24,44,24044,Vanegas
24,45,24045,Venado
24,46,24046,Villa de Arriaga
24,47,24047,Villa de Guadalupe
24,48,24048,Villa de la Paz
24,49,24049,Villa de Ramos
24,50,24050,Villa de Reyes
24,51,24051,Villa Hidalgo
24,52,24052,Villa Juárez
24,53,24053,Axtla de Terrazas
24,54,24054,Xilitla
24,55,24055,Zaragoza
24,56,24056,Villa de Arista
24,57,24057,Matlapa
24,58,24058,El Naranjo
25,1,25001,Ahome
25,2,25002,Angostura
25,3,25003,Badiraguato
25,4,25004,Concordia
25,5,25005,Cosalá
25,6,25006,Culiacán
25,7,25007,Choix
25,8,25008,Elota
25,9,25009,Escuinapa
25,10,25010,El Fuerte
25,11,25011,Guasave
25,12,25012,Mazatlán
25,13,25013,Mocorito
25,14,25014,Rosario
25,15,25015,Salvador Alvarado
25,16,25016,San Ignacio
25,17,25017,Sinaloa
25,18,25018,Navolato
26,1,26001,Aconchi
26,2,26002,Agua Prieta
26,3,26003,Alamos
26,4,26004,Altar
26,5,26005,Arivechi
26,6,26006,Arizpe
26,7,26007,Atil
26,8,26008,Bacadéhuachi
26,9,26009,Bacanora
26,10,26010,Bacerac
26,11,26011,Bacoachi
26,12,26012,Bácum
26,13,26013,Banámichi
26,14,26014,Baviácora
26,15,26015,Bavispe
26,16,26016,Benjamín Hill
26,17,26017,Caborca
26,18,26018,Cajeme
26,19,26019,Cananea
26,20,26020,Carbó
26,21,26021,La Colorada
26,22,26022,Cucurpe
26,23,26023,Cumpas
26,24,26024,Divisaderos
26,25,26025,Empalme
26,26,26026,Etchojoa
26,27,26027,Fronteras
26,28,26028,Granados
26,29,26029,Guaymas
26,30,26030,Hermosillo
26,31,26031,Huachinera
26,32,26032,Huásabas
26,33,26033,Huatabampo
26,34,26034,Huépac
26,35,26035,Imuris
26,36,26036,Magdalena
26,37,26037,Mazatán
26,38,26038,Moctezuma
26,39,26039,Naco
26,40,26040,Nácori Chico
26,41,26041,Nacozari de García
26,42,26042,Navojoa
26,43,26043,Nogales
26,44,26044,Onavas
26,45,26045,Opodepe
26,46,26046,Oquitoa
26,47,26047,Pitiquito
26,48,26048,Puerto Peñasco
26,49,26049,Quiriego
26,50,26050,Rayón
26,51,26051,Rosario
26,52,26052,Sahuaripa
26,53,26053,San Felipe de Jesús
26,54,26054,San Javier
26,55,26055,San Luis Río Colorado
26,56,26056,San Miguel de Horcasitas
26,57,26057,San Pedro de la Cueva
26,58,26058,Santa Ana
26,59,26059,Santa Cruz
26,60,26060,Sáric
26,61,26061,Soyopa
26,62,26062,Suaqui Grande
26,63,26063,Tepache
26,64,26064,Trincheras
26,65,26065,Tubutama
26,66,26066,Ures
26,67,26067,Villa Hidalgo
26,68,26068,Villa Pesqueira
26,69,26069,Yécora
26,70,26070,General Plutarco Elías Calles
26,71,26071,Benito Juárez
26,72,26072,San Ignacio Río Muerto
27,1,27001,Balancán
27,2,27002,Cárdenas
27,3,27003,Centla
27,4,27004,Centro
27,5,27005,Comalcalco
27,6,27006,Cunduacán
27,7,27007,Emiliano Zapata
27,8,27008,Huimanguillo
27,9,27009,Jalapa
27,10,27010,Jalpa de Méndez
27,11,27011,Jonuta
27,12,27012,Macuspana
27,13,27013,Nacajuca
27,14,27014,Paraíso
27,15,27015,Tacotalpa
27,16,27016,Teapa
27,17,27017,Tenosique
28,1,28001,Abasolo
28,2,28002,Aldama
28,3,28003,Altamira
28,4,28004,Antiguo Morelos
28,5,28005,Burgos
28,6,28006,Bustamante
28,7,28007,Camargo
28,8,28008,Casas
28,9,28009,Ciudad Madero
28,10,28010,Cruillas
28,11,28011,Gómez Farías
28,12,28012,González
28,13,28013,Güémez
28,14,28014,Guerrero
28,15,28015,Gustavo Díaz Ordaz
28,16,28016,Hidalgo
28,17,28017,Jaumave
28,18,28018,Jiménez
28,19,28019,Llera
28,20,28020,Mainero
28,21,28021,El Mante
28,22,28022,Matamoros
28,23,28023,Méndez
28,24,28024,Mier
28,25,28025,Miguel Alemán
28,26,28026,Miquihuana
28,27,28027,Nuevo Laredo
28,28,28028,Nuevo Morelos
28,29,28029,Ocampo
28,30,28030,Padilla
28,31,28031,Palmillas
28,32,28032,Reynosa
28,33,28033,Río Bravo
28,34,28034,San Carlos
28,35,28035,San Fernando
28,36,28036,San Nicolás
28,37,28037,Soto la Marina
28,38,28038,Tampico
28,39,28039,Tula
28,40,28040,Valle Hermoso
28,41,28041,Victoria
28,42,28042,Villagrán
28,43,28043,Xicoténcatl
29,1,29001,Amaxac de Guerrero
29,2,29002,Apetatitlán de Antonio Carvajal
29,3,29003,Atlangatepec
29,4,29004,Atltzayanca
29,5,29005,Apizaco
29,6,29006,Calpulalpan
29,7,29007,El Carmen Tequexquitla
29,8,29008,Cuapiaxtla
29,9,29009,Cuaxomulco
29,10,29010,Chiautempan
29,11,29011,Muñoz de Domingo Arenas
29,12,29012,Españita
29,13,29013,Huamantla
29,14,29014,Hueyotlipan
29,15,29015,Ixtacuixtla de Mariano Matamoros
29,16,29016,Ixtenco
29,17,29017,Mazatecochco de José María Morelos
29,18,29018,Contla de Juan Cuamatzi
29,19,29019,Tepetitla de Lardizábal
29,20,29020,Sanctórum de Lázaro Cárdenas
29,21,29021,Nanacamilpa de Mariano Arista
29,22,29022,Acuamanala de Miguel Hidalgo
29,23,29023,Natívitas
29,24,29024,Panotla
29,25,29025,San Pablo del Monte
29,26,29026,Santa Cruz Tlaxcala
29,27,29027,Tenancingo
29,28,29028,Teolocholco
29,29,29029,Tepeyanco
29,30,29030,Terrenate
29,31,29031,Tetla de la Solidaridad
29,32,29032,Tetlatlahuca
29,33,29033,Tlaxcala
29,34,29034,Tlaxco
29,35,29035,Tocatlán
29,36,29036,Totolac
29,37,29037,Ziltlaltépec de Trinidad Sánchez Santos
29,38,29038,Tzompantepec
29,39,29039,Xaloztoc
29,40,29040,Xaltocan
29,41,29041,Papalotla de Xicohténcatl
29,42,29042,Xicohtzinco
29,43,29043,Yauhquemehcan
29,44,29044,Zacatelco
29,45,29045,Benito Juárez
29,46,29046,Emiliano Zapata
29,47,29047,Lázaro Cárdenas
29,48,29048,La Magdalena Tlaltelulco
29,49,29049,San Damián Texóloc
29,50,29050,San Francisco Tetlanohcan
29,51,29051,San Jerónimo Zacualpan
29,52,29052,San José Teacalco
29,53,29053,San Juan Huactzinco
29,54,29054,San Lorenzo Axocomanitla
29,55,29055,San Lucas Tecopilco
29,56,29056,Santa Ana Nopalucan
29,57,29057,Santa Apolonia Teacalco
29,58,29058,Santa Catarina Ayometla
29,59,29059,Santa Cruz Quilehtla
29,60,29060,Santa Isabel Xiloxoxtla
30,1,30001,Acajete
30,2,30002,Acatlán
30,3,30003,Acayucan
30,4,30004,Actopan
30,5,30005,Acula
30,6,30006,Acultzingo
30,7,30007,Camarón de Tejeda
30,8,30008,Alpatláhuac
30,9,30009,Alto Lucero de Gutiérrez Barrios
30,10,30010,Altotonga
30,11,30011,Alvarado
30,12,30012,Amatitlán
30,13,30013,Naranjos Amatlán
30,14,30014,Amatlán de los Reyes
30,15,30015,Angel R. Cabada
30,16,30016,La Antigua
30,17,30017,Apazapan
30,18,30018,Aquila
30,19,30019,Astacinga
30,20,30020,Atlahuilco
30,21,30021,Atoyac
30,22,30022,Atzacan
30,23,30023,Atzalan
30,24,30024,Tlaltetela
30,25,30025,Ayahualulco
30,26,30026,Banderilla
30,27,30027,Benito Juárez
30,28,30028,Boca del Río
30,29,30029,Calcahualco
30,30,30030,Camerino Z. Mendoza
30,31,30031,Carrillo Puerto
30,32,30032,Catemaco
30,33,30033,Cazones de Herrera
30,34,30034,Cerro Azul
30,35,30035,Citlaltépetl
30,36,30036,Coacoatzintla
30,37,30037,Coahuitlán
30,38,30038,Coatepec
30,39,30039,Coatzacoalcos
30,40,30040,Coatzintla
30,41,30041,Coetzala
30,42,30042,Colipa
30,43,30043,Comapa
30,44,30044,Córdoba
30,45,30045,Cosamaloapan de Carpio
30,46,30046,Cosautlán de Carvajal
30,47,30047,Coscomatepec
30,48,30048,Cosoleacaque
30,49,30049,Cotaxtla
30,50,30050,Coxquihui
30,51,30051,Coyutla
30,52,30052,Cuichapa
30,53,30053,Cuitláhuac
30,54,30054,Chacaltianguis
30,55,30055,Chalma
30,56,30056,Chiconamel
30,57,30057,Chiconquiaco
30,58,30058,Chicontepec
30,59,30059,Chinameca
30,60,30060,Chinampa de Gorostiza
30,61,30061,Las Choapas
30,62,30062,Chocamán
30,63,30063,Chontla
30,64,30064,Chumatlán
30,65,30065,Emiliano Zapata
30,66,30066,Espinal
30,67,30067,Filomeno Mata
30,68,30068,Fortín
30,69,30069,Gutiérrez Zamora
30,70,30070,Hidalgotitlán
30,71,30071,Huatusco
30,72,30072,Huayacocotla
30,73,30073,Hueyapan de Ocampo
30,74,30074,Huiloapan de Cuauhtémoc
30,75,30075,Ignacio de la Llave
30,76,30076,Ilamatlán
30,77,30077,Isla
30,78,30078,Ixcatepec
30,79,30079,Ixhuacán de los Reyes
30,80,30080,Ixhuatlán del Café
30,81,30081,Ixhuatlancillo
30,82,30082,Ixhuatlán del Sureste
30,83,30083,Ixhuatlán de Madero
30,84,30084,Ixmatlahuacan
30,85,30085,Ixtaczoquitlán
30,86,30086,Jalacingo
30,87,30087,Xalapa
30,88,30088,Jalcomulco
30,89,30089,Jáltipan
30,90,30090,Jamapa
30,91,30091,Jesús Carranza
30,92,30092,Xico
30,93,30093,Jilotepec
30,94,30094,Juan Rodríguez Clara
30,95,30095,Juchique de Ferrer
30,96,30096,Landero y Coss
30,97,30097,Lerdo de Tejada
30,98,30098,Magdalena
30,99,30099,Maltrata
30,100,30100,Manlio Fabio Altamirano
30,101,30101,Mariano Escobedo
30,102,30102,Martínez de la Torre
30,103,30103,Mecatlán
30,104,30104,Mecayapan
30,105,30105,Medellín de Bravo
30,106,30106,Miahuatlán
30,107,30107,Las Minas
30,108,30108,Minatitlán
30,109,30109,Misantla
30,110,30110,Mixtla de Altamirano
30,111,30111,Moloacán
30,112,30112,Naolinco
30,113,30113,Naranjal
30,114,30114,Nautla
30,115,30115,Nogales
30,116,30116,Oluta
30,117,30117,Omealca
30,118,30118,Orizaba
30,119,30119,Otatitlán
30,120,30120,Oteapan
30,121,30121,Ozuluama de Mascareñas
30,122,30122,Pajapan
30,123,30123,Pánuco
30,124,30124,Papantla
30,125,30125,Paso del Macho
30,126,30126,Paso de Ovejas
30,127,30127,La Perla
30,128,30128,Perote
30,129,30129,Platón Sánchez
30,130,30130,Playa Vicente
30,131,30131,Poza Rica de Hidalgo
30,132,30132,Las Vigas de Ramírez
30,133,30133,Pueblo Viejo
30,134,30134,Puente Nacional
30,135,30135,Rafael Delgado
30,136,30136,Rafael Lucio
30,137,30137,Los Reyes
30,138,30138,Río Blanco
30,139,30139,Saltabarranca
30,140,30140,San Andrés Tenejapan
30,141,30141,San Andrés Tuxtla
30,142,30142,San Juan Evangelista
30,143,30143,Santiago Tuxtla
30,144,30144,Sayula de Alemán
30,145,30145,Soconusco
30,146,30146,Sochiapa
30,147,30147,Soledad Atzompa
30,148,30148,Soledad de Doblado
30,149,30149,Soteapan
30,150,30150,Tamalín
30,151,30151,Tamiahua
30,152,30152,Tampico Alto
30,153,30153,Tancoco
30,154,30154,Tantima
30,155,30155,Tantoyuca
30,156,30156,Tatatila
30,157,30157,Castillo de Teayo
30,158,30158,Tecolutla
30,159,30159,Tehuipango
30,160,30160,Álamo Temapache
30,161,30161,Tempoal
30,162,30162,Tenampa
30,163,30163,Tenochtitlán
30,164,30164,Teocelo
30,165,30165,Tepatlaxco
30,166,30166,Tepetlán
30,167,30167,Tepetzintla
30,168,30168,Tequila
30,169,30169,José Azueta
30,170,30170,Texcatepec
30,171,30171,Texhuacán
30,172,30172,Texistepec
30,173,30173,Tezonapa
30,174,30174,Tierra Blanca
30,175,30175,Tihuatlán
30,176,30176,Tlacojalpan
30,177,30177,Tlacolulan
30,178,30178,Tlacotalpan
30,179,30179,Tlacotepec de Mejía
30,180,30180,Tlachichilco
30,181,30181,Tlalixcoyan
30,182,30182,Tlalnelhuayocan
30,183,30183,Tlapacoyan
30,184,30184,Tlaquilpa
30,185,30185,Tlilapan
30,186,30186,Tomatlán
30,187,30187,Tonayán
30,188,30188,Totutla
30,189,30189,Tuxpan
30,190,30190,Tuxtilla
30,191,30191,Ursulo Galván
30,192,30192,Vega de Alatorre
30,193,30193,Veracruz
30,194,30194,Villa Aldama
30,195,30195,Xoxocotla
30,196,30196,Yanga
30,197,30197,Yecuatla
30,198,30198,Zacualpan
30,199,30199,Zaragoza
30,200,30200,Zentla
30,201,30201,Zongolica
30,202,30202,Zontecomatlán de López y Fuentes
30,203,30203,Zozocolco de Hidalgo
30,204,30204,Agua Dulce
30,205,30205,El Higo
30,206,30206,Nanchital de Lázaro Cárdenas del Río
30,207,30207,Tres Valles
30,208,30208,Carlos A. Carrillo
30,209,30209,Tatahuicapan de Juárez
30,210,30210,Uxpanapa
30,211,30211,San Rafael
30,212,30212,Santiago Sochiapan
31,1,31001,Abalá
31,2,31002,Acanceh
31,3,31003,Akil
31,4,31004,Baca
31,5,31005,Bokobá
31,6,31006,Buctzotz
31,7,31007,Cacalchén
31,8,31008,Calotmul
31,9,31009,Cansahcab
31,10,31010,Cantamayec
31,11,31011,Celestún
31,12,31012,Cenotillo
31,13,31013,Conkal
31,14,31014,Cuncunul
31,15,31015,Cuzamá
31,16,31016,Chacsinkín
31,17,31017,Chankom
31,18,31018,Chapab
31,19,31019,Chemax
31,20,31020,Chicxulub Pueblo
31,21,31021,Chichimilá
31,22,31022,Chikindzonot
31,23,31023,Chocholá
31,24,31024,Chumayel
31,25,31025,Dzán
31,26,31026,Dzemul
31,27,31027,Dzidzantún
31,28,31028,Dzilam de Bravo
31,29,31029,Dzilam González
31,30,31030,Dzitás
31,31,31031,Dzoncauich
31,32,31032,Espita
31,33,31033,Halachó
31,34,31034,Hocabá
31,35,31035,Hoctún
31,36,31036,Homún
31,37,31037,Huhí
31,38,31038,Hunucmá
31,39,31039,Ixil
31,40,31040,Izamal
31,41,31041,Kanasín
31,42,31042,Kantunil
31,43,31043,Kaua
31,44,31044,Kinchil
31,45,31045,Kopomá
31,46,31046,Mama
31,47,31047,Maní
31,48,31048,Maxcanú
31,49,31049,Mayapán
31,50,31050,Mérida
31,51,31051,Mocochá
31,52,31052,Motul
31,53,31053,Muna
31,54,31054,Muxupip
31,55,31055,Opichén
31,56,31056,Oxkutzcab
31,57,31057,Panabá
31,58,31058,Peto
31,59,31059,Progreso
31,60,31060,Quintana Roo
31,61,31061,Río Lagartos
31,62,31062,Sacalum
31,63,31063,Samahil
31,64,31064,Sanahcat
31,65,31065,San Felipe
31,66,31066,Santa Elena
31,67,31067,Seyé
31,68,31068,Sinanché
31,69,31069,Sotuta
31,70,31070,Sucilá
31,71,31071,Sudzal
31,72,31072,Suma
31,73,31073,Tahdziú
31,74,31074,Tahmek
31,75,31075,Teabo
31,76,31076,Tecoh
31,77,31077,Tekal de Venegas
31,78,31078,Tekantó
31,79,31079,Tekax
31,80,31080,Tekit
31,81,31081,Tekom
31,82,31082,Telchac Pueblo
31,83,31083,Telchac Puerto
31,84,31084,Temax
31,85,31085,Temozón
31,86,31086,Tepakán
31,87,31087,Tetiz
31,88,31088,Teya
31,89,31089,Ticul
31,90,31090,Timucuy
31,91,31091,Tinum
31,92,31092,Tixcacalcupul
31,93,31093,Tixkokob
31,94,31094,Tixmehuac
31,95,31095,Tixpéhual
31,96,31096,Tizimín
31,97,31097,Tunkás
31,98,31098,Tzucacab
31,99,31099,Uayma
31,100,31100,Ucú
31,101,31101,Umán
31,102,31102,Valladolid
31,103,31103,Xocchel
31,104,31104,Yaxcabá
31,105,31105,Yaxkukul
31,106,31106,Yobaín
32,1,32001,Apozol
32,2,32002,Apulco
32,3,32003,Atolinga
32,4,32004,Benito Juárez
32,5,32005,Calera
32,6,32006,Cañitas de Felipe Pescador
32,7,32007,Concepción del Oro
32,8,32008,Cuauhtémoc
32,9,32009,Chalchihuites
32,10,32010,Fresnillo
32,11,32011,Trinidad García de la Cadena
32,12,32012,Genaro Codina
32,13,32013,General Enrique Estrada
32,14,32014,General Francisco R. Murguía
32,15,32015,El Plateado de Joaquín Amaro
32,16,32016,General Pánfilo Natera
32,17,32017,Guadalupe
32,18,32018,Huanusco
32,19,32019,Jalpa
32,20,32020,Jerez
32,21,32021,Jiménez del Teul
32,22,32022,Juan Aldama
32,23,32023,Juchipila
32,24,32024,Loreto
32,25,32025,Luis Moya
32,26,32026,Mazapil
32,27,32027,Melchor Ocampo
32,28,32028,Mezquital del Oro
32,29,32029,Miguel Auza
32,30,32030,Momax
32,31,32031,Monte Escobedo
32,32,32032,Morelos
32,33,32033,Moyahua de Estrada
32,34,32034,Nochistlán de Mejía
32,35,32035,Noria de Ángeles
32,36,32036,Ojocaliente
32,37,32037,Pánuco
32,38,32038,Pinos
32,39,32039,Río Grande
32,40,32040,Sain Alto
32,41,32041,El Salvador
32,42,32042,Sombrerete
32,43,32043,Susticacán
32,44,32044,Tabasco
32,45,32045,Tepechitlán
32,46,32046,Tepetongo
32,47,32047,Teúl de González Ortega
32,48,32048,Tlaltenango de Sánchez Román
32,49,32049,Valparaíso
32,50,32050,Vetagrande
32,51,32051,Villa de Cos
32,52,32052,Villa García
32,53,32053,Villa González Ortega
32,54,32054,Villa Hidalgo
32,55,32055,Villanueva
32,56,32056,Zacatecas
32,57,32057,Trancoso
32,58,32058,Santa María de la Paz
