h,m
Aaron,Abigail
Abel,Abril
Abelardo,Adela
Abraham,Adriana
Adalberto,Aida
Adán,Alejandra
Agustín,Alicia
Alberto,Alta Gracia
Alonso,Aldonza
Aldo,Alma
Alejandro,Amalia
Alfonso,Amanda
Alfredo,Amelia
Alvaro,Ana
Amador,Anabel
Andrés,Ana Luisa
Ángel,Ana María
Antonio,Anel
Armando,Andrea
Arnoldo,Ángela
Arturo,Angélica
Augusto,Antonia
Aurelio,Araceli
Azuma,Arcelia
Benito,Ariadna
Benjamín,Aurora
Bernardo,Barbara
Bruno,Beatriz
Camilo,Berta
Carlos,Bernabé
Carmelo,Bianca
César,Blanca
Claudio,Camila
Clemente,Caridad
Conrado,Carla
Cornelio,Carlota
Cristian,Carmen
Cristobal,Carolina
Daniel,Catalina
Darío,Celia
David,Citlali
Diego,Cecilia
Eduardo,Clara
Elias,Claudia
Eloy,Concepción
Emiliano,Conchita
Emilio,Cristal
Enrique,Cristina
Eric,Cynthia
Ernesto,Dalia
Esteban,Daniela
Espartaco,Débora
Eugenio,Delia
Federico,Diana
Felipe,Dolores
Fernando,Dulce
Felix,Dulce María
Fidel,Elena
Flavio,Elisa
Francisco,Eloisa
Francisco Javier,Elsa
Gabino,Elvia
Gabriel,Elvira
Gael,Emilia
Genaro,Esmeralda
Gerardo,Estefanía
Gerónimo,Estela
Germán,Esparta
Gilberto,Esperanza
Gonzalo,Estela
Gregorio,Esther
Grimaldo,Eugenia
Guillermo,Eva
Gustavo,Evelia
Héctor,Fabiola
Hernán,Florencia
Homero,Francisca
Horacio,Frida
Hugo,Gabriela
Humberto,Georgina
Ignacio,Guillermina
Isaac,Gloria
Isabel,Graciela
Israel,Guadalupe
Iván,Helena
Jacinto,Hermelinda
Jacobo,Hilda
Jaime,Ilse
Jairo,Indira
Javier,Inés
Jerónimo,Irene
Jesús,Irma
Joaquín,Itzel
Jonás,Isabel
Jonathan,Isabela
Jorge,Ivonne
Jorge Luis,Jaqueline
José,Jos
José Carlos,Josefina
José Eduardo,Juana
José Emilio,Judith
José Luis,Julia
José Manuél,Laura
José María,Leonor
Juan,Karla
Juan Carlos,Karina
Juan Manuel,Leticia
Julian,Lilia
Julio,Liliana
Julio César,Linda
Leonardo,Lorena
Leonel,Lourdes
Lorenzo,Lucía
Lucas,Luisa
Luis,Luz
Luis Miguel,Magdalena
Luis Manuel,Marcela
Manuel,Margarita
Marco Antonio,María
Marco,Marisela
Marcos,Marisol
Mariano,María del Carmen
Mario,María Cristina
Martín,María Elena
Mateo,María Eugenia
Mauro,María José
Mauricio,María Luisa
Maximino,María Teresa
Maximiliano,Marisol
Miguel,Martha
Miguel Ángel,Mayte
Modesto,Mariana
Nazario,Mercedes
Nelly,Micaela
Nicolás,Minerva
Octavio,Mitzy
Óliver,Miriam
Óscar,Mónica
Oswaldo,Nadia
Omar,Natalia
Orlando,Natividad
Pablo,Nancy
Patricio,Nayeli
Pascual,Nelly
Pedro,Noelia
Pilar,Noemí
Porfirio,Norma
Rafaél,Ofelia
Ramiro,Olivia
Ramón,Olga
Ramses,Paola
Raúl,Patricia
Renato,Pamela
René,Paulina
Reynaldo,Perla
Ricardo,Raquel
Roberto,Rebeca
Rodolfo,Reina
Rodrigo,Rocío
Rogelio,Rosa
Rogerio,Rosalia
Rolando,Rosario
Rubén,Ruby
Rufino,Salma
Salvador,Sandra
Samuel,Sara
Santiago,Sessa
Sergio,Silvia
Serafín,Sofía
Servando,Socorro
Silvano,Soledad
Teodoro,Sonia
Timoteo,Susana
Tomás,Tania
Uriel,Teresa
Valentin,Trinidad
Valentino,Úrsula
Vicente,Verónica
Víctor,Violeta
Wilfrido,Vanesa
Wendolin,Victoria
Wenseslao,Virginia
Xavier,Wendy
Yandel,Yeni
Yunnuel,Yolanda
Zacarías,Yuridia
Zeferino,Zoé